<?xml version="1.0" encoding="UTF-8"?>
<!DOCTYPE properties SYSTEM "http://java.sun.com/dtd/properties.dtd">
<properties>
	<comment>query.xml</comment>
	
	<entry key="insertMember">
		INSERT INTO MEMBER
		VALUES(SEQ_USERNO.NEXTVAL, ? ,?,?,?,?,?,?,?,?,DEFAULT)
	</entry>
	
	<entry key="selectAll">
		SELECT *
		FROM MEMBER
		ORDER BY USERNO DESC
	</entry>
	
	<entry key="selectByUserId">
		SELECT * FROM MEMBER WHERE USERID = ?
	</entry>
	
	<entry key="selectByUserName">
		SELECT * FROM MEMBER WHERE USERNAME LIKE CONCAT(CONCAT('%', ?) ,'%')
	</entry>
	
	<entry key="updateMember">
		UPDATE MEMBER
		SET USERPWD = ?,
			EMAIL = ?,
			PHONE =?,
			ADDRESS = ?
		WHERE USERID = ?
	</entry>
	
	<entry key="deleteMember">
		DELETE 
		FROM MEMBER
		WHERE USERID = ? AND USERPWD = ?
	</entry>
	
	
	
	
	
	
	
</properties>